{"loss":0.2922180042241628,"_timestamp":1.729280005364893e+09,"_wandb":{"runtime":0},"_runtime":0.706023,"_step":7,"acc":0.7212618752239481}